sequence_type,adk,atpA,dxr,glyA,recA,sodA,tpi
122,1,1,4,1,1,1,10
177,13,18,22,33,18,31,28
178,13,17,22,29,16,31,26
179,13,17,23,30,17,31,27
180,13,19,22,32,19,32,28
181,13,18,22,31,18,31,26
200,15,21,28,38,21,36,30
202,13,18,22,31,18,31,32
204,16,23,29,39,23,37,33
206,13,18,22,40,18,38,32
210,1,1,2,1,1,1,11
211,2,5,8,1,1,3,11
274,1,1,2,1,1,1,15
279,13,18,22,33,18,32,32
281,1,1,2,1,1,22,2
282,1,1,16,1,5,5,1
283,11,25,14,42,6,20,15
284,1,1,2,1,3,5,10
290,13,17,22,33,26,38,40
297,13,17,22,33,18,31,26
303,13,18,22,33,18,31,32
304,1,1,30,1,5,3,1
311,15,33,31,48,21,46,42
314,13,31,22,40,26,31,26
331,23,34,35,50,29,37,48
335,13,17,22,33,18,31,51
336,24,36,37,54,31,49,50
337,25,21,38,53,21,36,53
338,25,21,38,53,21,48,53
339,26,35,37,54,31,49,52
340,26,35,37,54,31,49,49
341,26,35,39,52,31,49,52
342,26,35,39,54,31,47,50
343,26,36,37,54,31,49,52
344,26,36,39,52,31,49,52
345,27,37,39,55,31,49,54
346,27,38,40,56,31,49,55
347,28,39,41,57,30,50,56
359,29,40,42,58,33,52,57
360,13,18,22,33,18,31,26
361,30,41,43,59,34,53,58
368,15,21,45,38,21,36,30
369,27,38,40,55,31,49,49
377,1,1,4,1,3,1,10
402,16,23,47,61,23,37,61
407,32,46,22,31,18,32,28
416,33,47,29,65,36,37,62
442,13,18,22,31,18,31,67
447,38,48,42,69,37,52,64
448,41,49,42,69,37,52,64
449,41,49,42,72,38,59,64
459,13,44,22,40,35,56,60
473,13,18,22,31,18,31,68
485,13,17,23,40,18,31,32
491,28,39,52,57,43,50,71
508,13,46,22,40,17,31,68
510,13,18,22,11,18,38,26
526,46,39,54,57,30,50,56
527,28,39,8,57,5,5,56
535,1,1,2,10,1,7,1
536,28,52,41,76,30,50,56
548,13,46,22,40,18,31,26
572,23,34,35,39,29,37,61
573,1,1,9,22,1,3,2
574,1,1,9,9,1,41,5
575,1,1,6,9,1,3,5
576,1,5,9,9,1,41,5
577,1,1,50,1,1,3,2
578,1,1,6,1,1,5,1
579,1,5,2,6,1,5,1
580,1,5,2,6,1,1,1
581,1,1,2,19,1,1,1
582,2,2,2,1,1,3,3
583,1,1,6,1,1,12,12
584,1,1,9,9,1,27,2
585,1,32,2,6,1,7,3
586,48,1,8,2,1,1,3
587,1,6,4,7,2,5,31
588,1,6,4,7,2,5,7
589,1,6,4,7,2,8,1
590,1,6,2,7,2,8,7
591,25,1,36,1,4,3,9
592,3,7,10,8,6,2,15
593,11,7,55,14,6,20,9
594,11,7,55,43,6,20,10
595,3,7,14,8,11,16,48
600,53,21,58,87,48,36,30
602,54,58,59,88,48,69,79
613,15,21,58,38,21,66,30
620,15,57,38,38,21,46,49
627,16,60,47,89,23,65,75
632,57,61,61,90,50,71,83
637,15,30,28,38,21,36,30
641,13,46,22,33,18,31,26
643,13,46,22,31,18,32,26
644,13,46,22,31,18,32,28
649,13,46,22,40,17,32,60
665,13,17,22,33,17,31,68
666,13,46,22,91,18,73,32
667,1,1,7,1,1,3,2
668,1,1,9,23,1,3,25
669,58,49,62,69,37,52,64
688,28,39,54,95,53,77,56
695,1,6,6,1,1,3,3
727,48,1,10,81,1,3,82
728,48,1,2,81,6,5,1
729,49,1,2,73,1,12,12
730,55,1,10,35,46,1,12
731,55,1,2,35,1,5,6
732,52,7,6,35,1,4,1
733,55,50,10,35,6,72,72
734,40,1,14,73,6,3,1
735,1,1,10,35,1,1,1
736,1,1,1,10,1,3,89
737,1,1,1,99,1,3,5
738,1,1,2,101,5,3,1
739,1,1,2,103,13,3,1
740,1,1,2,107,13,3,1
741,1,1,2,109,3,5,1
742,1,1,2,1,1,89,1
743,1,1,2,1,5,3,91
744,1,1,2,1,5,5,87
745,1,1,2,3,56,3,1
746,1,1,6,1,1,90,1
747,11,62,10,42,6,20,10
748,1,1,70,10,1,3,5
749,1,1,7,102,1,3,3
750,1,1,7,102,59,3,3
751,11,7,10,42,6,80,10
752,11,7,14,42,6,78,15
753,1,1,72,99,1,3,5
754,11,75,14,46,6,78,9
755,1,1,9,106,1,22,93
756,1,1,9,9,62,27,2
757,1,2,2,100,1,5,1
758,1,2,2,1,1,88,1
759,13,18,22,105,63,32,28
760,13,18,22,111,18,31,26
761,13,18,22,112,18,38,96
762,1,3,2,1,1,85,1
763,13,46,22,108,18,32,28
764,13,46,64,31,18,32,26
765,1,3,6,3,1,5,94
766,13,65,22,40,35,81,26
767,1,5,2,1,1,84,3
768,15,30,28,38,21,83,30
769,1,5,9,23,1,1,92
770,1,64,1,10,1,3,5
771,1,6,4,7,2,86,7
772,1,66,6,100,60,5,6
773,1,69,4,7,2,8,7
774,1,71,1,10,1,3,5
775,1,72,6,6,1,12,12
776,1,73,1,10,1,3,5
777,1,74,2,6,1,3,1
778,1,7,6,1,1,5,90
779,1,76,7,1,3,3,1
780,1,79,4,1,1,1,10
781,2,1,6,1,1,87,1
782,2,67,6,1,1,5,1
783,2,68,6,1,1,5,1
784,30,41,66,59,58,53,88
785,30,41,68,97,61,82,86
786,30,63,65,97,57,53,86
787,3,7,3,8,6,79,11
788,4,1,69,1,1,5,1
789,5,8,5,98,9,11,8
790,64,21,67,87,48,36,30
791,65,1,4,7,2,8,7
792,66,7,14,14,6,20,10
793,67,1,2,1,5,5,3
794,68,70,28,104,21,36,30
795,69,1,2,6,1,5,1
796,70,77,71,110,64,91,95
797,71,78,73,113,65,92,97
798,72,5,2,1,1,3,1
800,3,7,10,8,6,20,15
801,11,7,14,43,28,20,8
802,73,7,6,1,1,5,6
803,74,5,7,1,1,13,1
804,1,1,75,6,1,5,1
805,1,80,9,22,14,3,2
806,5,8,5,27,9,29,8
807,5,8,76,115,15,93,8
808,5,7,5,114,15,20,8
809,9,12,10,1,6,18,15
810,3,7,20,8,6,16,10
811,1,7,14,46,6,20,10
812,1,7,6,1,4,3,4
813,1,1,2,6,1,5,6
814,3,7,14,43,6,20,15
815,1,8,2,1,1,3,1
816,5,1,2,1,1,12,1
817,11,8,2,1,1,12,8
818,1,1,2,6,9,12,12
819,1,1,2,1,1,1,8
820,75,1,9,9,1,3,2
821,11,7,14,116,41,39,10
822,76,81,77,120,66,94,101
823,77,82,78,117,67,95,99
824,79,81,77,118,66,94,102
825,76,81,77,121,70,94,98
826,76,83,79,120,66,94,100
827,80,81,77,120,66,97,98
828,76,81,82,120,66,94,102
829,76,81,83,121,66,94,101
830,76,85,81,120,66,94,102
831,76,85,84,118,71,94,98
832,76,81,81,121,69,94,104
833,76,86,77,120,69,94,104
834,81,81,79,121,66,98,101
835,78,84,80,119,68,96,103
836,11,7,10,14,42,20,9
837,71,78,73,122,65,92,97
838,13,65,85,123,17,31,105
839,82,63,66,59,61,99,97
840,1,43,9,9,1,64,38
841,1,1,9,9,1,22,2
842,1,1,2,1,72,60,6
843,83,1,2,1,1,7,1
844,1,87,2,1,13,3,1
845,84,46,22,40,17,32,68
846,85,1,2,124,1,7,1
847,1,88,2,1,1,5,1
848,86,89,86,125,73,100,106
849,87,89,86,125,73,101,106
850,88,39,54,57,74,50,56
851,89,90,87,126,75,102,107
852,23,91,88,127,76,37,108
853,87,89,86,128,77,103,106
854,1,92,7,1,1,1,6
855,1,1,2,1,5,5,15
856,1,3,13,1,5,23,3
857,3,7,10,8,7,2,1
858,2,1,2,1,1,1,1
859,1,4,7,1,1,3,1
860,1,1,2,1,1,1,10
861,37,1,11,23,1,1,1
862,1,5,11,9,78,3,109
863,1,1,2,81,2,7,1
864,1,1,2,5,3,3,1
865,1,1,2,1,5,104,1
866,1,1,6,5,1,33,2
867,90,7,89,14,6,20,9
868,1,1,6,35,1,33,1
869,91,5,9,23,1,1,38
870,1,1,63,6,1,5,1
871,1,7,6,1,55,5,1
872,63,5,7,1,1,13,1
873,62,5,7,1,1,3,1
874,3,51,60,46,42,9,37
875,3,51,60,44,42,9,11
876,56,28,8,86,47,72,43
877,56,59,57,81,47,43,43
878,56,54,2,86,5,63,3
879,51,54,8,86,47,70,82
880,56,54,57,81,47,13,1
881,54,58,59,88,49,69,79
882,11,7,10,43,42,20,9
883,3,1,3,1,1,5,1
884,13,46,22,33,18,31,68
885,1,5,6,23,1,33,1
886,1,1,11,9,1,22,109
887,1,1,9,23,1,51,1
888,97,95,93,131,79,108,88
889,96,94,92,79,29,37,108
890,95,21,91,53,21,106,110
891,94,93,90,104,21,36,30
892,93,39,41,130,43,50,56
893,92,1,1,10,1,3,5
894,1,1,44,9,1,105,2
895,1,1,2,129,5,3,1
896,1,1,9,9,1,107,2
897,1,1,2,1,40,17,1
898,28,39,54,57,30,50,71
899,8,7,14,14,6,58,10
900,1,1,6,15,1,17,1
901,1,1,7,7,6,5,1
902,11,25,10,42,6,20,9
903,32,18,22,108,18,32,28
904,1,1,2,1,5,12,1
905,94,21,28,38,21,109,111
906,2,1,2,1,1,110,3
907,1,1,2,132,1,7,1
908,1,11,2,14,6,3,9
909,1,1,2,15,8,5,1
910,1,1,1,1,1,1,1
911,4,96,2,5,1,1,1
912,1,1,2,6,1,12,6
913,1,1,2,5,1,1,1
914,3,92,3,93,6,9,11
915,1,1,2,1,1,9,1
916,3,1,3,8,6,5,1
917,1,1,2,1,1,3,6
918,16,23,29,61,23,65,75
919,28,39,94,133,80,50,112
920,98,61,95,134,30,111,113
921,16,23,29,135,29,65,61
922,50,23,96,79,45,65,61
923,11,7,14,43,6,20,10
924,2,1,6,85,1,1,6
925,1,1,11,1,1,22,5
926,1,5,2,1,6,3,1
927,1,1,1,84,3,3,1
928,1,76,2,1,3,3,1
929,1,1,7,1,4,3,16
930,4,1,2,1,1,3,1
931,2,5,2,1,1,5,1
932,2,1,2,100,1,3,1
933,99,1,2,1,1,7,1
934,100,1,6,6,1,12,12
935,1,1,97,1,1,7,1
936,1,1,1,10,1,112,5
937,1,1,1,136,1,3,5
938,1,1,1,137,1,3,5
939,1,1,2,1,5,113,3
940,1,1,2,6,1,114,1
941,2,5,2,138,1,3,1
942,13,46,22,139,17,115,114
943,2,1,6,1,81,5,1
944,1,1,6,1,1,5,12
945,11,11,14,14,6,20,9
946,15,21,28,38,82,106,30
947,53,21,58,140,48,36,30
948,1,3,13,1,5,116,1
949,1,97,2,1,1,7,1
950,1,1,2,1,4,3,1
951,1,1,9,9,14,3,5
952,11,7,14,8,6,20,9
953,1,6,4,8,2,8,7
954,2,1,6,6,1,12,9
955,1,1,13,1,2,5,6
956,11,7,14,43,6,20,47
957,2,2,16,1,1,1,3
958,11,7,49,14,6,20,9
959,1,7,14,43,6,20,47
960,1,1,2,1,1,117,1
961,1,5,11,1,1,3,78
962,2,1,16,1,1,61,1
963,11,7,98,43,83,20,115
964,5,8,5,141,15,118,22
965,101,1,2,1,1,1,1
966,1,1,2,142,5,3,1
967,1,1,2,1,5,119,1
968,1,1,7,1,1,5,116
969,102,5,7,1,1,13,1
970,1,3,6,1,1,5,117
971,3,7,3,145,6,9,11
972,1,1,6,143,5,3,1
973,104,8,5,11,9,11,8
974,103,1,6,1,1,5,1
975,1,1,6,144,1,6,1
976,1,1,2,1,84,1,1
977,3,7,10,8,6,2,37
978,1,14,2,1,1,5,3
979,1,1,11,1,1,1,5
980,37,5,11,1,1,3,1
981,2,1,6,1,1,3,6
982,2,1,16,1,1,7,1
983,1,1,11,9,1,22,2
984,1,1,11,23,1,33,2
985,1,1,2,9,1,1,1
986,11,7,14,116,41,1,10
987,1,1,2,1,1,120,1
988,1,98,25,1,1,1,1
989,1,1,2,6,1,121,1
990,1,1,6,146,1,12,12
991,1,1,99,1,1,1,1
992,1,1,6,147,40,1,1
993,1,1,2,147,1,5,1
994,3,7,100,8,7,2,10
995,105,78,73,148,65,124,97
996,71,78,73,149,65,126,97
997,38,49,101,150,85,52,118
998,105,99,73,122,65,124,119
999,105,99,73,122,65,125,120
1000,71,78,73,151,65,92,97
1001,13,17,85,123,86,31,105
1002,105,78,73,151,65,124,119
1003,71,78,73,122,65,92,119
1004,71,78,73,151,65,123,97
1005,105,78,73,148,65,122,97
1006,1,1,7,5,1,43,3
1007,1,1,6,1,88,6,1
1008,1,1,2,1,1,22,5
1009,5,8,5,11,9,131,8
1010,108,1,2,6,1,5,1
1011,1,1,2,152,1,12,3
1012,1,100,2,3,1,5,1
1013,11,101,14,43,6,67,47
1014,1,1,6,9,1,33,5
1015,1,1,2,3,1,1,3
1016,35,2,2,1,1,5,3
1017,1,1,102,10,1,3,5
1018,1,1,11,1,1,3,109
1019,106,1,6,1,1,10,1
1020,1,5,7,17,1,13,1
1021,1,1,6,9,14,3,2
1022,13,17,22,91,87,31,121
1023,76,81,77,120,69,94,104
1024,1,1,2,1,1,127,1
1025,1,1,9,9,1,1,5
1026,1,1,9,9,1,3,1
1027,1,5,11,1,1,3,5
1028,107,1,11,1,1,3,2
1029,1,1,11,23,1,33,1
1030,1,1,99,1,1,3,1
1031,37,5,11,23,1,51,1
1032,1,2,2,1,1,130,1
1033,1,1,9,10,1,3,1
1034,1,11,6,4,1,1,122
1035,1,5,11,9,1,3,109
1036,1,7,14,8,42,39,9
1037,1,1,9,9,14,129,2
1038,1,1,2,1,1,128,1
1039,1,1,9,9,62,3,2
1040,21,1,6,1,1,5,123
1041,11,7,14,83,6,20,10
1042,1,5,2,45,1,1,1
1043,11,7,49,78,6,20,9
1044,1,1,6,1,5,132,1
1045,23,34,35,79,29,37,124
1046,1,5,9,23,1,1,38
1047,1,5,9,9,1,1,5
1048,2,1,6,1,1,5,3
1049,1,11,6,6,83,12,12
1050,1,1,44,1,1,3,2
1051,2,2,6,1,1,1,3
1052,1,5,7,6,40,13,1
1053,1,1,6,1,40,3,3
1054,1,3,2,1,8,3,3
1055,1,5,7,1,1,1,1
1056,2,1,103,3,1,5,1
1057,1,22,2,1,2,12,1
1058,1,1,13,3,40,3,1
1059,3,1,7,8,6,3,3
1060,71,78,73,151,65,92,119
1061,1,1,106,1,5,3,1
1062,105,78,105,122,65,124,126
1063,110,78,73,154,65,133,119
1064,71,78,73,155,90,92,97
1065,109,41,104,156,89,108,127
