,adk,atpA,dxr,glyA,recA,sodA,tpi,mlst_clade
0,1,1,1,10,1,3,5,2
1,1,1,2,1,5,3,1,1
2,1,1,2,1,1,1,1,1
3,1,2,2,1,1,5,3,1
4,1,6,4,7,2,8,7,3
5,2,1,6,1,1,5,1,1
6,1,1,7,1,1,5,1,1
7,1,1,2,6,1,5,1,1
8,1,1,6,1,1,6,1,1
9,2,1,2,1,1,3,1,1
10,5,8,5,11,9,11,8,5
11,1,1,6,4,3,5,1,1
12,1,1,6,1,5,3,1,1
13,1,1,2,1,5,5,3,1
14,1,1,6,1,8,5,1,1
15,1,1,2,6,1,3,1,1
16,1,1,2,1,1,5,3,1
17,1,1,2,5,1,3,1,1
18,1,1,8,2,1,1,3,1
19,1,1,8,1,1,4,3,1
20,2,2,2,1,1,1,3,1
21,1,1,4,7,2,8,7,3
22,3,7,14,14,11,16,15,4
23,1,1,8,12,1,4,3,1
24,6,6,4,7,2,8,7,3
25,1,1,6,1,4,3,4,1
26,1,1,6,1,1,3,4,1
27,1,1,2,1,1,3,1,1
28,1,1,2,16,1,3,1,1
29,8,7,14,8,6,16,15,4
30,1,5,7,6,1,1,1,1
31,1,1,11,1,1,3,2,2
32,1,1,2,1,6,5,3,1
33,1,5,7,1,1,3,1,1
34,2,5,8,1,1,3,6,1
35,2,1,2,3,1,5,1,1
36,3,7,3,8,6,9,11,4
37,3,7,10,8,6,2,9,4
38,3,7,10,8,7,2,10,4
39,4,5,6,1,3,1,1,1
40,1,1,9,9,1,3,2,2
41,1,1,2,1,1,7,1,1
42,1,7,6,1,1,5,6,1
43,2,5,2,1,1,3,1,1
44,4,1,6,1,1,5,1,1
45,4,1,6,1,1,10,1,1
46,1,1,11,17,1,3,2,2
47,1,1,2,1,1,5,1,1
48,1,1,2,1,5,3,3,1
49,1,1,6,1,5,3,17,1
50,1,1,2,6,1,7,6,1
51,1,1,2,6,1,12,1,1
52,1,2,2,1,1,5,1,1
53,1,4,7,1,1,3,3,1
54,1,1,6,6,1,12,12,1
55,1,3,6,3,1,5,1,1
56,1,1,6,4,3,5,13,1
57,1,5,7,1,1,13,1,1
58,1,3,6,15,1,17,1,1
59,1,3,15,15,1,3,1,1
60,1,5,11,1,1,3,2,2
61,1,1,1,9,1,3,1,2
62,1,1,7,5,1,3,3,1
63,1,1,6,1,1,13,1,1
64,1,1,7,3,1,5,6,1
65,1,1,2,6,1,5,3,1
66,1,1,9,9,1,3,5,2
67,1,4,2,1,5,3,1,1
68,1,1,7,1,1,1,1,1
69,1,3,6,3,1,14,1,1
70,4,1,6,1,1,15,1,1
71,2,1,6,13,1,5,1,1
72,1,2,12,1,1,5,1,1
73,1,1,13,1,3,1,14,1
74,7,3,13,1,10,1,1,1
75,1,1,6,1,1,1,1,1
76,2,1,6,1,3,5,1,1
77,4,1,6,1,1,1,1,1
78,1,3,2,1,1,1,16,1
79,1,1,13,1,3,1,3,1
80,3,1,3,8,6,9,11,4
81,1,1,6,1,1,1,3,1
82,1,1,6,1,1,3,1,1
83,1,9,2,1,1,1,1,1
84,1,10,7,1,1,3,3,1
85,3,7,3,8,6,19,11,4
86,3,7,3,8,6,20,10,4
87,9,7,3,8,6,18,10,4
88,2,1,6,1,1,21,1,1
89,2,1,16,1,1,5,1,1
90,1,1,6,6,1,6,1,1
91,1,1,2,3,1,5,1,1
92,3,7,3,8,11,20,10,4
93,2,1,6,1,1,10,1,1
94,1,5,11,17,1,3,1,2
95,1,6,4,7,12,8,7,3
96,1,1,11,1,1,22,1,2
97,1,1,2,6,1,1,3,1
98,1,11,6,6,1,12,12,1
99,1,1,6,19,2,24,1,1
100,1,2,2,1,1,23,1,1
101,1,1,2,1,5,5,1,1
102,1,1,2,15,8,5,3,1
103,1,1,13,1,1,1,6,1
104,2,2,4,1,1,1,3,1
105,2,1,2,10,1,5,1,1
106,4,1,6,1,3,1,1,1
107,1,1,6,1,8,5,5,1
108,3,12,10,18,6,18,15,4
109,1,1,2,1,13,3,1,1
110,1,1,2,1,1,3,3,1
111,1,1,7,3,1,5,3,1
112,2,1,17,1,1,5,1,1
113,1,1,9,9,1,1,18,2
114,1,1,2,6,1,7,3,1
115,1,1,9,9,1,22,5,2
116,1,1,7,1,2,5,1,1
117,1,13,2,1,1,1,19,1
118,1,1,2,20,1,5,1,1
119,1,1,1,1,5,3,1,2
120,3,7,3,8,7,2,10,4
121,1,14,9,1,1,3,2,2
122,11,7,14,14,6,20,9,4
123,4,1,6,1,4,26,1,1
124,1,3,6,1,1,3,3,1
125,11,7,10,8,6,20,15,4
126,1,1,9,21,1,27,2,2
127,1,3,6,1,1,1,3,1
128,1,1,18,9,1,22,2,2
129,2,1,6,8,1,5,1,1
130,5,1,6,1,5,3,1,1
131,1,1,7,1,1,3,3,1
132,1,3,2,15,1,3,3,1
133,1,1,2,8,1,7,1,1
134,2,1,6,16,1,5,13,1
135,1,1,2,3,1,3,1,1
136,2,1,2,16,1,5,1,1
137,2,1,2,1,1,1,3,1
138,1,1,9,9,1,1,2,2
139,1,3,7,1,3,1,6,1
140,8,7,14,8,6,25,15,4
141,1,11,6,16,1,1,1,1
142,1,1,2,2,1,5,3,1
143,4,1,6,1,1,10,12,1
144,1,1,2,6,1,5,4,1
145,10,8,5,11,9,11,8,5
146,5,8,5,11,9,11,20,5
147,1,1,2,6,1,7,1,1
148,1,1,6,1,3,5,1,1
149,1,1,6,1,1,3,3,1
150,1,1,13,1,1,1,3,1
151,1,1,13,5,3,1,1,1
152,1,1,9,1,1,3,2,2
153,12,1,16,1,5,5,1,1
154,1,1,9,22,14,3,2,2
155,1,1,9,23,1,3,2,2
156,3,7,10,8,7,2,15,4
157,3,7,10,8,6,2,10,4
158,2,5,2,6,1,3,1,1
159,5,8,5,11,9,11,21,5
160,1,6,4,7,2,30,7,3
161,5,8,5,24,15,28,23,5
162,5,15,5,27,15,29,20,5
163,1,16,2,1,1,5,1,1
164,5,15,5,25,15,29,8,5
165,5,8,5,27,15,29,22,5
166,10,8,19,11,15,29,22,5
167,5,8,5,26,15,29,8,5
168,9,7,3,8,6,2,15,4
169,1,7,13,1,3,12,1,1
170,1,1,20,3,1,5,3,1
171,5,8,5,11,15,29,24,5
172,5,8,5,28,15,29,23,5
173,1,1,21,1,1,3,2,2
174,1,1,9,9,1,1,25,2
175,2,1,16,1,5,12,1,1
176,1,1,24,6,1,5,1,1
177,1,1,25,34,1,1,1,1
178,2,1,16,1,5,5,1,1
179,5,8,5,11,15,11,8,5
180,5,8,5,13,9,11,8,5
181,1,1,9,9,14,5,2,2
182,1,1,6,1,1,10,1,1
183,14,1,26,1,4,3,1,1
184,1,5,6,35,1,33,1,1
185,1,5,11,1,1,3,1,2
186,5,8,5,1,9,34,3,5
187,1,1,11,23,1,1,1,2
188,5,20,27,36,9,11,8,5
189,1,1,9,37,14,3,2,2
190,1,1,1,10,1,5,5,2
191,11,7,2,7,20,20,10,4
192,1,1,2,1,1,35,6,1
193,1,6,4,7,2,8,31,3
194,1,22,2,1,22,1,1,1
195,1,3,13,1,5,23,1,1
196,5,8,5,41,9,11,8,5
197,2,7,8,1,1,3,6,1
198,1,6,4,7,2,8,11,3
199,1,4,7,1,1,3,6,1
200,1,11,6,6,1,12,6,1
201,1,1,2,1,5,3,12,1
202,3,7,3,8,6,9,29,4
203,3,7,3,8,6,9,6,4
204,3,7,3,8,6,9,1,4
205,2,5,8,1,1,3,1,1
206,3,7,3,1,6,9,11,4
207,1,4,7,8,1,3,3,1
208,1,6,4,7,2,8,29,3
209,1,1,1,1,1,3,2,2
210,1,1,11,17,1,3,5,2
211,1,1,9,10,1,3,2,2
212,1,1,6,5,1,33,5,1
213,1,1,9,23,14,1,2,2
214,1,1,1,1,1,3,1,2
215,1,1,11,5,1,33,1,2
216,1,1,9,5,1,33,2,2
217,1,1,9,9,14,3,1,2
218,1,1,9,9,14,3,2,2
219,1,5,9,9,1,3,5,2
220,1,1,2,16,1,12,1,1
221,1,3,6,1,1,5,1,1
222,1,3,6,1,1,5,6,1
223,1,1,6,16,1,17,6,1
224,1,1,2,1,1,12,1,1
225,3,12,10,8,6,18,15,4
226,1,3,6,1,1,1,6,1
227,1,1,7,8,2,5,1,1
228,11,7,10,14,6,20,15,4
229,1,1,2,1,1,18,1,1
230,11,7,14,14,6,20,10,4
231,1,1,2,15,1,1,1,1
232,1,5,6,1,22,1,1,1
233,1,5,2,6,1,3,1,1
234,2,5,2,1,1,3,6,1
235,1,1,2,1,1,5,12,1
236,1,1,2,1,5,5,16,1
237,1,1,2,5,3,1,1,1
238,2,1,6,3,1,5,1,1
239,1,5,9,37,1,1,2,2
240,1,1,18,9,1,3,2,2
241,11,7,14,14,6,20,15,4
242,2,1,6,3,8,1,1,1
243,1,1,6,1,5,5,1,1
244,1,3,6,1,1,35,1,1
245,5,24,5,11,9,11,36,5
246,11,25,10,42,6,20,15,4
247,17,7,14,43,6,39,15,4
248,3,7,3,8,7,20,37,4
249,11,7,10,44,6,20,10,4
250,1,1,2,6,1,40,3,1
251,1,1,9,9,1,41,2,2
252,1,1,2,1,5,42,1,1
253,3,26,10,8,6,18,15,4
254,1,1,2,1,1,43,35,1
255,1,1,6,1,1,44,1,1
256,18,1,11,9,1,3,5,2
257,1,5,7,1,1,13,34,1
258,1,1,2,45,1,1,1,1
259,1,1,6,1,24,5,1,1
260,11,7,14,46,6,20,9,4
261,5,8,5,47,1,11,8,5
262,1,1,9,23,1,3,38,2
263,1,1,9,23,1,1,39,2
264,2,1,6,6,1,12,12,1
265,5,8,5,27,15,28,8,5
266,1,6,4,7,25,8,7,3
267,1,1,2,3,1,5,3,1
268,2,1,2,1,1,1,11,1
269,1,1,2,3,1,5,6,1
270,1,1,7,1,5,3,1,1
271,1,1,6,1,1,5,6,1
272,1,27,6,1,1,1,6,1
273,1,1,2,1,27,1,1,1
274,1,3,6,46,1,1,6,1
275,1,28,2,1,5,3,1,1
276,1,1,6,1,8,1,1,1
277,11,7,10,14,6,20,10,4
278,1,5,6,1,4,3,4,1
279,19,7,14,43,6,45,15,4
280,1,1,6,9,1,33,41,1
281,1,1,16,1,1,1,1,1
282,20,1,2,6,1,5,1,1
283,2,5,2,1,1,3,43,1
284,21,1,32,1,1,1,1,1
285,1,1,33,1,1,5,44,1
286,1,1,2,49,1,5,1,1
287,11,32,14,14,6,20,10,4
288,1,1,13,1,1,1,45,1
289,1,1,2,3,28,5,44,1
290,5,8,5,27,15,29,8,5
291,5,8,5,27,15,29,23,5
292,22,8,5,11,9,11,8,5
293,1,1,6,1,4,3,6,1
294,1,11,2,5,1,5,1,1
295,11,7,10,43,6,20,15,4
296,1,1,2,15,8,5,6,1
297,1,1,2,6,1,12,3,1
298,1,5,2,1,1,5,1,1
299,1,7,2,6,1,5,1,1
300,2,1,2,3,1,3,1,1
301,1,2,2,1,1,5,4,1
302,1,7,14,14,6,20,47,4
303,1,1,2,4,28,5,44,1
304,4,1,34,1,4,26,1,1
305,1,1,10,1,4,3,4,1
306,3,7,14,8,6,16,15,4
307,1,1,36,6,1,5,1,1
308,1,1,2,51,5,5,1,1
309,1,1,7,1,6,5,1,1
310,1,1,6,1,1,3,6,1
311,3,1,3,8,32,9,11,4
312,1,5,11,23,1,51,1,2
313,1,1,24,4,1,1,1,1
314,1,1,1,10,1,3,1,2
315,1,1,2,1,1,1,3,1
316,1,1,2,1,5,7,1,1
317,5,5,7,1,1,13,1,1
318,2,5,7,1,1,3,1,1
319,1,1,6,16,1,1,1,1
320,1,1,9,6,1,3,2,2
321,1,11,6,4,1,1,1,1
322,1,1,1,5,1,1,1,2
323,1,1,9,23,14,3,2,2
324,1,1,44,9,1,27,5,2
325,2,5,8,1,1,54,6,1
326,1,5,2,1,5,3,1,1
327,1,5,1,10,1,3,5,2
328,1,5,11,17,1,22,2,2
329,1,5,46,17,1,3,1,1
330,1,42,7,1,1,13,1,1
331,3,7,3,7,6,9,11,4
332,1,1,6,5,4,3,4,1
333,1,1,24,4,1,17,1,1
334,1,2,24,5,6,6,4,1
335,10,1,2,4,1,5,2,1
336,1,1,2,15,2,1,1,1
337,3,1,3,1,6,9,11,4
338,1,11,6,1,1,12,12,1
339,2,5,3,1,1,3,6,1
340,1,1,3,1,1,1,1,1
341,5,8,5,28,15,28,59,5
342,31,8,5,26,15,29,8,5
343,5,8,5,1,9,55,3,5
344,1,7,4,60,2,8,7,3
345,1,6,4,1,2,30,7,3
346,5,8,5,24,15,29,23,5
347,5,8,5,11,15,29,8,5
348,5,8,5,1,9,11,3,5
349,1,5,9,23,1,1,5,2
350,1,1,9,9,1,5,2,2
351,1,1,11,23,1,51,1,2
352,1,3,2,1,1,1,1,1
353,1,3,6,1,8,5,1,1
354,1,4,8,1,1,3,3,1
355,1,29,2,1,1,5,3,1
356,3,7,10,8,6,18,15,4
357,11,7,14,63,6,20,9,4
358,2,1,16,62,5,5,1,1
359,19,7,48,8,6,20,47,4
360,1,45,6,1,8,5,1,1
361,1,4,2,1,5,3,3,1
362,1,1,13,1,3,12,6,1
363,3,1,3,8,6,9,1,4
364,1,6,4,7,2,8,10,3
365,1,1,2,1,6,7,1,1
366,34,6,4,7,2,8,7,3
367,1,1,2,66,1,7,10,1
368,5,8,5,11,9,11,63,5
369,35,1,1,10,1,3,5,2
370,36,1,1,10,1,3,5,2
371,1,1,2,67,5,3,1,1
372,1,1,2,1,1,57,1,1
373,1,1,16,1,1,5,1,1
374,1,1,2,68,1,1,1,1
375,1,1,2,3,1,5,9,1
376,1,1,2,3,1,5,15,1
377,1,1,2,46,5,3,1,1
378,1,1,2,16,5,43,3,1
379,1,1,6,23,1,33,1,1
380,1,1,11,1,1,1,1,2
381,1,1,13,1,3,1,9,1
382,1,1,50,15,1,5,1,1
383,1,3,9,9,1,3,2,2
384,1,5,7,1,1,19,1,1
385,1,5,9,23,1,1,39,2
386,1,7,14,46,6,20,9,4
387,3,1,3,8,6,20,10,4
388,4,1,6,1,4,26,65,1
389,9,7,3,70,6,18,37,4
390,9,7,3,8,6,18,37,4
391,11,7,10,14,6,20,66,4
392,11,7,14,46,6,58,10,4
393,11,7,49,14,6,20,10,4
394,14,1,26,1,39,3,1,1
395,37,1,11,1,1,3,1,2
396,39,3,2,16,3,1,6,1
397,40,5,9,71,1,1,2,2
398,1,1,6,1,8,3,1,1
399,1,1,2,23,5,3,1,1
400,1,1,6,1,8,6,1,1
401,1,1,2,13,5,3,1,1
402,1,11,2,73,1,5,1,1
403,1,6,4,1,2,8,7,3
404,1,1,2,7,1,7,1,1
405,1,4,6,16,1,60,1,1
406,11,25,10,14,6,20,15,4
407,1,1,2,20,1,1,1,1
408,1,5,9,23,1,1,2,2
409,1,1,9,23,1,1,2,2
410,1,43,9,23,1,1,38,2
411,1,43,9,37,1,1,2,2
412,11,7,14,14,41,20,9,4
413,1,50,2,1,1,1,1,1
414,1,4,7,5,1,3,3,1
415,1,1,8,1,1,3,3,1
416,1,11,51,1,40,3,3,1
417,1,1,2,6,1,17,3,1
418,3,7,10,14,6,20,9,4
419,1,4,21,1,1,3,3,1
420,11,51,10,14,6,20,15,4
421,11,7,14,42,6,20,10,4
422,11,7,14,43,6,39,10,4
423,3,7,3,8,6,9,3,4
424,1,1,2,1,5,5,11,1
425,1,22,6,1,1,3,3,1
426,1,1,11,9,1,3,5,2
427,1,1,6,1,1,33,1,1
428,1,1,2,1,5,5,5,1
429,1,4,7,1,1,20,3,1
430,1,1,1,10,1,3,69,2
431,3,7,3,8,6,9,69,4
432,1,5,7,1,1,3,70,1
433,1,1,2,1,6,3,3,1
434,1,5,6,5,1,3,1,1
435,19,7,14,8,42,39,15,4
436,1,4,7,1,1,11,3,1
437,1,1,2,1,5,1,3,1
438,2,1,1,2,1,5,60,1
439,2,1,1,53,1,5,3,1
440,42,1,2,6,1,5,1,1
441,43,8,5,11,9,11,8,5
442,44,1,2,1,5,5,3,1
443,1,8,5,11,9,11,8,5
444,1,1,2,1,22,1,1,1
445,2,1,2,5,1,3,1,1
446,11,7,10,43,6,20,72,4
447,1,1,2,73,1,5,1,1
448,1,11,2,1,1,5,1,1
449,1,1,2,73,1,3,1,1
450,1,45,2,1,5,3,1,1
451,3,7,20,64,6,16,10,4
452,9,7,2,8,6,2,15,4
453,1,1,2,6,1,12,12,1
454,1,1,6,1,4,3,15,1
455,1,3,2,1,5,3,1,1
456,1,1,2,1,4,3,4,1
457,1,1,2,1,4,3,15,1
458,1,1,8,1,4,3,15,1
459,1,6,8,7,2,8,7,3
460,1,1,6,6,1,12,3,1
461,1,4,7,1,1,3,12,1
462,2,5,8,1,1,3,56,1
463,1,3,2,1,1,1,3,1
464,4,1,2,5,1,60,16,1
465,3,5,10,8,7,2,6,4
466,45,7,10,14,42,20,9,4
467,1,6,4,7,1,8,31,3
468,1,1,2,1,5,1,1,1
469,11,7,4,74,6,20,9,4
470,1,1,7,1,1,3,1,1
471,1,1,2,6,1,1,1,1
472,1,7,7,5,1,3,3,1
473,11,7,14,8,6,20,10,4
474,1,1,16,1,44,5,1,1
475,1,2,2,1,1,1,1,1
476,1,5,2,1,5,2,1,1
477,2,1,16,1,1,62,1,1
478,1,1,11,1,1,22,4,2
479,1,1,2,1,1,7,3,1
480,1,1,10,9,1,3,2,2
481,1,1,24,34,1,3,3,1
482,1,1,24,16,1,3,1,1
483,1,1,51,35,1,1,1,1
484,3,7,3,8,11,20,11,4
485,1,1,9,6,1,3,5,2
486,1,5,9,23,1,1,18,2
487,11,32,49,14,6,20,6,4
488,2,1,2,1,1,5,1,1
489,2,1,6,1,5,3,1,1
490,40,5,9,77,1,3,38,2
491,1,1,2,6,5,7,1,1
492,3,7,14,8,11,16,15,4
493,11,7,10,43,6,20,9,4
494,1,1,2,15,1,5,1,1
495,3,7,56,8,7,2,15,4
496,11,25,10,42,6,63,15,4
497,48,1,2,1,1,5,1,1
498,1,1,9,9,1,3,74,2
499,1,1,2,1,40,3,1,1
500,1,1,6,6,1,12,1,1
501,1,53,11,17,1,3,2,2
502,1,1,55,6,1,6,1,1
503,47,5,11,23,1,3,1,2
504,1,6,4,7,2,3,7,3
505,11,7,14,78,6,20,10,4
506,14,54,26,1,4,3,1,1
507,2,1,7,5,1,5,1,1
508,1,1,7,1,1,1,3,1
509,52,1,6,4,3,5,1,1
510,11,55,10,14,6,20,9,4
511,1,1,2,86,1,7,1,1
512,1,1,2,1,2,1,1,1
513,3,7,14,8,6,25,80,4
514,1,1,2,1,3,3,1,1
515,1,1,6,80,5,3,1,1
516,1,5,11,81,1,3,78,1
517,5,8,5,11,9,68,8,5
518,1,1,57,1,5,3,1,1
519,11,7,10,83,42,20,10,4
520,11,7,10,46,6,20,10,4
521,1,1,2,6,47,5,1,1
522,1,1,9,84,1,3,2,1
523,11,7,10,14,6,67,76,4
524,1,56,2,1,5,3,1,1
525,51,1,6,1,1,5,1,1
526,1,1,2,85,5,3,1,1
527,1,1,6,1,46,6,1,1
528,11,55,14,82,6,20,77,4
529,1,1,6,5,1,3,1,1
530,56,1,2,1,5,3,1,1
531,1,1,9,1,1,3,5,2
532,1,1,2,16,1,60,6,1
533,1,59,2,1,1,3,81,1
534,1,1,13,1,1,5,82,1
535,3,7,60,8,7,2,10,4
536,1,1,2,6,1,70,1,1
537,1,4,6,1,4,3,4,1
538,1,1,6,1,4,3,1,1
539,1,1,1,1,1,3,5,1
540,11,7,14,42,6,20,15,4
541,11,7,10,42,6,20,10,4
542,1,11,25,34,1,1,1,1
543,1,5,9,37,1,1,78,2
544,4,1,2,1,3,1,1,1
545,1,1,2,3,4,3,1,1
546,37,5,11,23,1,3,1,2
547,1,1,2,1,1,3,46,1
548,1,1,2,9,1,22,2,2
549,2,1,6,85,8,5,3,1
550,20,2,2,1,1,23,1,1
551,3,7,14,8,6,25,10,4
552,1,1,11,5,1,33,2,2
553,1,1,11,9,1,3,2,2
554,1,1,6,3,1,1,6,1
555,21,1,7,6,1,1,1,1
556,1,1,53,1,5,3,1,1
557,1,1,2,1,5,60,3,1
558,1,1,6,1,4,1,4,1
559,3,7,14,8,6,2,37,4
560,1,1,7,1,4,3,4,1
561,1,43,9,23,1,64,18,2
562,11,32,49,14,6,20,10,4
563,1,5,9,9,1,1,1,2
564,36,1,2,1,1,7,1,1
565,1,6,4,7,2,72,7,3
566,1,1,2,1,51,1,1,1
567,1,1,2,15,8,3,1,1
568,11,7,10,43,6,20,47,4
569,1,1,2,1,1,19,6,1
570,37,1,2,1,1,22,1,2
571,1,1,2,1,5,54,1,1
572,1,3,6,1,52,1,3,1
573,59,7,14,46,6,20,15,4
574,60,7,10,8,6,20,10,4
575,1,6,4,92,2,8,7,3
576,61,7,14,14,11,16,15,4
577,3,7,3,93,6,2,15,4
578,2,5,8,1,1,74,6,1
579,3,7,10,8,7,75,10,4
580,2,5,8,1,1,3,84,1
581,5,8,5,27,15,76,23,5
582,1,1,6,94,1,12,12,1
583,1,3,6,1,1,1,85,1
584,1,3,7,96,3,1,6,1
585,1,2,9,1,1,3,5,2
586,1,5,6,5,1,33,1,1
587,1,1,2,5,1,33,5,1
588,1,1,6,16,8,3,1,1
589,5,8,5,47,9,11,8,5
590,1,1,2,3,5,3,1,1
591,3,7,14,8,6,2,80,4
592,2,2,2,1,1,1,1,1
593,11,7,10,43,54,20,15,4
594,1,11,2,1,1,1,1,1
595,1,1,2,1,1,12,6,1
596,1,1,6,15,1,1,1,1
597,1,5,9,23,1,64,38,2
598,1,1,2,5,1,33,2,1
599,37,1,1,1,1,3,2,2
600,1,1,13,1,1,17,6,1
601,1,1,1,10,4,3,5,2
602,1,1,2,9,1,22,5,2
603,1,43,9,23,1,1,18,2
604,3,7,10,8,7,18,10,4
605,55,1,2,1,5,3,1,1
606,11,7,14,43,6,67,47,4
607,55,1,2,73,1,3,72,1
608,55,50,2,35,6,3,8,1
609,1,1,2,35,1,5,15,1
610,1,1,2,35,1,5,4,1
611,55,1,14,35,1,1,1,1
612,55,1,14,35,1,4,1,1
613,55,7,2,35,1,12,12,1
614,52,1,6,35,1,12,1,1
615,55,8,6,35,1,63,82,1
616,55,3,2,81,1,1,1,1
617,1,50,2,35,1,12,12,1
618,11,50,2,35,1,1,1,1
619,55,1,2,73,1,5,1,1
620,1,1,6,81,46,3,15,1
621,1,1,74,9,1,3,2,2
622,110,78,73,154,65,133,119,cryptic
623,71,78,73,155,90,92,97,cryptic
624,30,41,43,59,34,53,58,cryptic
625,71,78,73,122,65,92,97,cryptic
626,71,78,73,122,65,92,97,cryptic
627,109,41,104,156,89,108,127,cryptic
628,13,46,22,33,18,31,26,cryptic
629,13,46,22,33,18,31,26,cryptic
630,13,46,22,108,18,32,28,cryptic
631,13,46,64,31,18,32,26,cryptic
632,30,63,65,97,57,53,86,cryptic
633,70,77,71,110,64,91,95,cryptic
634,13,18,22,31,18,31,26,cryptic
635,13,19,22,32,19,32,28,cryptic
636,13,17,23,30,17,31,27,cryptic
637,13,17,22,29,16,31,26,cryptic
638,13,18,22,33,18,31,28,cryptic
639,30,41,66,59,58,53,88,cryptic
640,30,41,66,59,58,53,88,cryptic
641,13,18,22,111,18,31,26,cryptic
642,13,65,22,40,35,81,26,cryptic
643,64,21,67,87,48,36,30,cryptic
644,30,41,68,97,61,82,86,cryptic
645,15,30,28,38,21,83,30,cryptic
646,15,30,28,38,21,83,30,cryptic
647,13,17,22,33,18,31,26,cryptic
648,26,36,37,54,31,49,52,cryptic
649,71,78,73,113,65,92,97,cryptic
650,13,18,22,33,18,31,32,cryptic
651,13,17,22,33,18,31,26,cryptic
652,27,38,40,55,31,49,49,cryptic
653,13,18,22,33,18,31,28,cryptic
654,68,70,28,104,21,36,30,cryptic
655,13,31,22,40,26,31,26,cryptic
656,13,18,22,33,18,31,28,cryptic
657,15,33,31,48,21,46,42,cryptic
658,13,18,22,105,63,32,28,cryptic
659,15,30,28,38,21,83,30,cryptic
660,15,30,28,38,21,83,30,cryptic
661,15,21,28,38,21,36,30,cryptic
662,58,49,62,69,37,52,64,cryptic
663,13,17,22,33,17,31,68,cryptic
664,13,17,22,33,17,31,68,cryptic
665,13,46,22,91,18,73,32,cryptic
666,13,18,22,111,18,31,26,cryptic
667,15,21,28,38,21,36,30,cryptic
668,28,39,54,95,53,77,56,cryptic
669,15,21,28,38,21,36,30,cryptic
670,84,46,22,40,17,32,68,cryptic
671,54,58,59,88,49,69,79,cryptic
672,53,21,58,87,48,36,30,cryptic
673,26,36,37,54,31,49,52,cryptic
674,26,36,39,52,31,49,52,cryptic
675,26,35,37,54,31,49,49,cryptic
676,26,35,39,52,31,49,52,cryptic
677,24,36,37,54,31,49,50,cryptic
678,26,36,37,54,31,49,52,cryptic
679,26,36,37,54,31,49,52,cryptic
680,26,36,39,52,31,49,52,cryptic
681,25,21,38,53,21,48,53,cryptic
682,27,37,39,55,31,49,54,cryptic
683,27,38,40,56,31,49,55,cryptic
684,13,17,22,33,18,31,51,cryptic
685,25,21,38,53,21,36,53,cryptic
686,26,35,39,54,31,47,50,cryptic
687,26,35,37,54,31,49,52,cryptic
688,26,36,39,52,31,49,52,cryptic
689,93,39,41,130,43,50,56,cryptic
690,94,93,90,104,21,36,30,cryptic
691,95,21,91,53,21,106,110,cryptic
692,96,94,92,79,29,37,108,cryptic
693,13,46,22,33,18,31,68,cryptic
694,97,95,93,131,79,108,88,cryptic
695,86,89,86,125,73,100,106,cryptic
696,88,39,54,57,74,50,56,cryptic
697,89,90,87,126,75,102,107,cryptic
698,57,61,61,90,50,71,83,cryptic
699,57,61,61,90,50,71,83,cryptic
700,88,39,54,57,74,50,56,cryptic
701,86,89,86,125,73,100,106,cryptic
702,57,61,61,90,50,71,83,cryptic
703,86,89,86,125,73,100,106,cryptic
704,86,89,86,125,73,100,106,cryptic
705,57,61,61,90,50,71,83,cryptic
706,86,89,86,125,73,100,106,cryptic
707,23,91,88,127,76,37,108,cryptic
708,87,89,86,128,77,103,106,cryptic
709,23,91,88,127,76,37,108,cryptic
710,87,89,86,125,73,101,106,cryptic
711,86,89,86,125,73,100,106,cryptic
712,80,81,77,120,66,97,98,cryptic
713,76,85,84,118,71,94,98,cryptic
714,79,81,77,118,66,94,102,cryptic
715,76,85,81,120,66,94,102,cryptic
716,76,81,77,121,70,94,98,cryptic
717,78,84,80,119,68,96,103,cryptic
718,76,83,79,120,66,94,100,cryptic
719,78,84,80,119,68,96,103,cryptic
720,76,83,79,120,66,94,100,cryptic
721,76,81,83,121,66,94,101,cryptic
722,76,81,77,121,70,94,98,cryptic
723,77,82,78,117,67,95,99,cryptic
724,76,86,77,120,69,94,104,cryptic
725,81,81,79,121,66,98,101,cryptic
726,77,82,78,117,67,95,99,cryptic
727,77,82,78,117,67,95,99,cryptic
728,77,82,78,117,67,95,99,cryptic
729,76,81,77,120,66,94,101,cryptic
730,53,21,58,140,48,36,30,cryptic
731,15,21,28,38,82,106,30,cryptic
732,13,18,22,105,63,32,28,cryptic
733,105,78,73,148,65,124,97,cryptic
734,71,78,73,149,65,126,97,cryptic
735,38,49,101,150,85,52,118,cryptic
736,105,78,73,148,65,124,97,cryptic
737,105,78,73,151,65,124,119,cryptic
738,105,99,73,122,65,124,119,cryptic
739,105,99,73,122,65,125,120,cryptic
740,1,1,106,1,5,3,1,cryptic
741,71,78,73,151,65,92,97,cryptic
742,13,17,85,123,86,31,105,cryptic
743,105,78,73,151,65,124,119,cryptic
744,105,78,73,148,65,124,97,cryptic
745,71,78,73,122,65,92,119,cryptic
746,71,78,73,151,65,123,97,cryptic
747,105,78,73,148,65,122,97,cryptic
748,71,78,73,122,65,92,97,cryptic
749,13,65,85,123,17,31,105,cryptic
750,13,44,22,40,35,56,60,cryptic
751,30,41,43,59,34,53,58,cryptic
752,82,63,66,59,61,99,97,cryptic
753,30,63,65,97,57,53,86,cryptic
754,29,40,42,58,33,52,57,cryptic
755,13,18,22,33,18,31,26,cryptic